{
  "best_Z": 0.4207853078842163,
  "elapsed_seconds": 10063.494202872738,
  "final_Z": 0.42509639263153076,
  "parity_passed": true,
  "status": "done"
}
