{
  "best_Z": 0.4883872866630554,
  "elapsed_seconds": 45.382192865014076,
  "final_Z": 0.4883872866630554,
  "parity_passed": true,
  "status": "done"
}
