{
  "best_Z": 0.4229844808578491,
  "elapsed_seconds": 5410.392248248681,
  "final_Z": 0.4687066674232483,
  "parity_passed": true,
  "status": "done"
}
