{
  "Z_grad": 0.9870740175247192,
  "Z_no_grad": 0.9870740175247192,
  "Z_stock_native_pil": 0.9870350360870361,
  "Z_stock_tensor": 0.9870740175247192,
  "backward_scale": 65536.0,
  "checks": {
    "Z_parity": true,
    "exact_tensor_Z_parity": true,
    "finite_nonzero_input_gradient": true,
    "grad_no_grad_exact_forward_parity": true,
    "grad_stock_tensor_exact_forward_parity": true,
    "native_pil_Z_parity": true,
    "stock_tensor_native_pil_parity": true
  },
  "exact_tensor_max_Z_gap": 0.0,
  "input_gradient_finite": true,
  "input_gradient_norm": 0.14963948726654053,
  "max_Z_gap": 3.898143768310547e-05,
  "native_pil_Z_gap": 3.898143768310547e-05,
  "pairs": {
    "grad_vs_no_grad": {
      "l2": 0.0,
      "max_abs": 0.0,
      "mean_abs": 0.0,
      "mse": 0.0,
      "psnr": 100.0,
      "ssim": 1.0,
      "tensor_max_abs": 0.0,
      "tensor_mean_abs": 0.0
    },
    "grad_vs_stock_tensor": {
      "l2": 0.0,
      "max_abs": 0.0,
      "mean_abs": 0.0,
      "mse": 0.0,
      "psnr": 100.0,
      "ssim": 1.0,
      "tensor_max_abs": 0.0,
      "tensor_mean_abs": 0.0
    },
    "stock_tensor_vs_native_pil": {
      "l2": 0.0008675447672509332,
      "max_abs": 0.027450978755950928,
      "mean_abs": 0.0001839332253439352,
      "mse": 7.526339231844759e-07,
      "psnr": 61.234162107838905,
      "ssim": 0.999718964099884,
      "tensor_max_abs": 0.027450978755950928,
      "tensor_mean_abs": 0.0001839524193201214
    }
  },
  "passed": true,
  "prompt": "add black sunglasses",
  "resolved_native_pil_max_Z_gap": 0.005,
  "seed": 67119,
  "thresholds": {
    "exact_max_Z_gap": 1e-06,
    "exact_max_abs": 0.0039225686274509805,
    "exact_min_ssim": 0.999,
    "max_Z_gap": null,
    "native_pil_max_Z_gap": 0.005,
    "native_pil_min_ssim": 0.99
  }
}
